﻿pos_x,pos_y,rotation,side,designator,mpn,pack,footprint,value,mount_type
165.75,-114.5,0.0,top,R1,,,R0805,0805W8F1002T5E,smt
165.75,-107.5,0.0,top,R2,,,R0805,0805W8F1002T5E,smt
172.5,-107.5,180.0,top,R3,,,R0805,0805W8F1002T5E,smt
172.5,-114.5,180.0,top,R4,,,R0805,0805W8F1002T5E,smt
168.675,-60.3,0.0,top,U1,,,TVOut Cable,~,smt
169.0,-63.378969,0.0,top,U2,,,FPC-SMD_12P-P0.50_XUNPU_FPC-05FB-12PH20,FPC-05FB-12PH20,smt
168.950025,-94.874968,180.0,top,U3,,,FPC-SMD_12P-P0.50_XUNPU_FPC-05FB-12PH20,FPC-05FB-12PH20,smt
165.75,-111.050038,90.0,top,U4,,,SOT-23-3_L2.9-W1.3-P1.90-LS2.4-BR,BSS138_C7420339,smt
172.550038,-111.050038,90.0,top,U5,,,SOT-23-3_L2.9-W1.3-P1.90-LS2.4-BR,BSS138_C7420339,smt
202.35,-87.61,0.0,top,U7,,,ESP32-DevKitC,ESP32-DevKitC,tht
190.940412,-126.350013,90.0,top,U8,,,AUDIO-TH_PJ-320A-4P-DIP,PJ-320A-4P_DIP,tht
